Timestamp,Year,What,Who,URL,Tags,Type,Additional Comments
3/14/2024 21:05,2024,Official NICAR 2024 Tipsheets and Audio,IRE,https://www.ire.org/training/conferences/nicar-2024/nicar24-tipsheets-audio/,#IRE #INCAR24,"Presentation, Workshop, Repo or Tip Sheet",Official list from IRE
3/14/2024 21:07,2024,Tilemaker starter kit,Chris Amico,https://github.com/eyeseast/tilemaker-map-template,#GIS #maps #mapping,"Tool, Software or Resource","tilemaker will build vector tiles from OSM extracts. It needs a config and processing script, and it can use landcover and coastline shapefiles. This is a workflow that automates gathering all of that."
3/14/2024 21:09,2024,How to make self-hosted maps that work everywhere and cost next to nothing,Chris Amico,https://www.muckrock.com/news/archives/2024/feb/13/release-notes-how-to-make-self-hosted-maps-that-work-everywhere-cost-next-to-nothing-and-might-even-work-in-airplane-mode/,#GIS #maps #mapping,"Presentation, Workshop, Repo or Tip Sheet",Codespace to try everything out yourself https://github.com/eyeseast/self-hosted-maps-codespace
3/14/2024 21:11,2024,Beginning Python,Mindy McAdams,https://python-adv-web-apps.readthedocs.io/en/latest/learn_python.html,#python,"Presentation, Workshop, Repo or Tip Sheet",
3/14/2024 21:13,2024,Web Scraping With Python,Cody Winchester,https://github.com/cjwinchester/nicar24-scraping,#python #scraping #webscraping,"Presentation, Workshop, Repo or Tip Sheet",
3/14/2024 21:15,2024,AI 202: Cooking with generative AI,"Andrew Ford, Pri Bengani, Jeff Kao and Jonathan Soma",https://docs.google.com/presentation/d/1EZjK4u-K9GLI0B84WoYZq-U6arY9JGR0Llgp8NW0i9U/edit#slide=id.p,#genai,"Presentation, Workshop, Repo or Tip Sheet",Slides are at the above URL. Add in the audio recording for a decent re-creation of the presentation https://resources.ire.org/audio/20240307-30507.mp3
3/14/2024 21:18,2024,Text Analysis in Different Languages for Investigations,"Lam Thuy Vo, Fernanda Aguirre, Chris Amico, Josephine Lukito",https://docs.google.com/presentation/d/1nab_nANLJBM4UATSANQPMiTy7bT4AukvO6p3ug-Vdfw/edit#slide=id.p,#TextAnalysis,"Presentation, Workshop, Repo or Tip Sheet",Audio recording at https://resources.ire.org/audio/20240307-30505.mp3
3/14/2024 21:20,2024,Uncovering shadow campaigns in 2024 elections,"Michael Beckel, Carrie Levine, Anna Massoglia",https://docs.google.com/document/d/1FGJXIxMBnyHkayiw6T2snowUgAMcOAMIfX3p5PAlVVA/edit,#TrackDarkMoney #CampaignFinance #politics,"Presentation, Workshop, Repo or Tip Sheet",Audio recording at https://resources.ire.org/audio/20240307-30519.mp3
3/14/2024 21:22,2024,Writing with Numbers,MaryJo Webster,https://docs.google.com/presentation/d/1pEqB0jehdAdK7egoTMvFHKuQL9BL9FTBRJi1OsWK9AA/edit#slide=id.p,#data,"Presentation, Workshop, Repo or Tip Sheet","In addition to the slides, there's a tip sheet at https://resources.ire.org/tipsheets/20240307-30355.pdf"
3/14/2024 21:23,2024,PDF Next Steps: Extracting data using command-line and other tools,Chad Day,https://github.com/chadday/nicar_ocr,#PDF #CommandLine,"Presentation, Workshop, Repo or Tip Sheet",
3/14/2024 21:24,2024,Getting Hands-On With AI Tools For Journalists,Jeremy Caplan,https://docs.google.com/presentation/d/1hnR58nVtoQS9zD9SU-EuLfN46s78gIScn-Bo06U0CeY/edit#slide=id.p,#GenAI,"Presentation, Workshop, Repo or Tip Sheet",Also a tipsheet at https://docs.google.com/document/d/11ynStPbTEdh6_s19DKt9AJYmZarPII9NgDUb3I3vDm0/edit
3/14/2024 21:24,2024,Introduction to R,Liz Lucas,https://github.com/ireapps/nicar24-intro-to-R,#rstats,"Presentation, Workshop, Repo or Tip Sheet",
3/14/2024 21:25,2024,Using Python for Data Analysis,Sandra Fish,https://github.com/ireapps/teaching-guide-intro-to-pandas,#python,"Presentation, Workshop, Repo or Tip Sheet",
3/14/2024 21:27,2024,"Backgrounding Local Elections: The questions, documents, and data the public needs","Elizabeth Clemons, Kelly Kauffman, Noah Pransky, Albert Serna",https://resources.ire.org/tipsheets/20240307-30386.pdf,#elections #politics,"Presentation, Workshop, Repo or Tip Sheet",Audio recording at https://resources.ire.org/audio/20240307-30504.mp3
3/14/2024 21:28,2024,"AI 101: AI-driven tools, tips and tricks to empower your data journalism","Darla Cameron, Jeff Hargarten, June Kim, Mike Reilley",https://resources.ire.org/tipsheets/20240307-30382.pdf,#GenAI,"Presentation, Workshop, Repo or Tip Sheet",Audio recording at https://resources.ire.org/audio/20240307-30510.mp3
3/14/2024 21:30,2024,First Visual Story: Launch a data-driven website,"James Thomas, Ben Welsh, Aida Ylanan",https://palewi.re/docs/first-visual-story/,#javascript #html #css #nodejs,"Presentation, Workshop, Repo or Tip Sheet",A step-by-step guide to publishing a standalone story from a dataset. This tutorial will show you how journalists at America’s top news organizations escape rigid content-management systems to publish data-driven stories on deadline.
3/14/2024 21:32,2024,Bringing Data Journalism to the Sports Section,"Matt Waite, Derek Willis",https://github.com/dwillis/nicar24-sports,#rstats #sports,"Presentation, Workshop, Repo or Tip Sheet",
3/14/2024 22:16,2024,Google Sheets: Importing and data prep,Adrian Garcia,https://docs.google.com/presentation/d/1UIWHd33fCYHDHeP4wAjiKFcDY5TrGtClbwRwSwcwVlo/edit#slide=id.g118104a4ff3_0_67,#googlesheets #spreadsheets,"Presentation, Workshop, Repo or Tip Sheet",
3/14/2024 22:17,2024,QGIS 1: Spatial analysis for beginners,"Wesley Stephenson, Callum Thomson",https://paper.dropbox.com/doc/QGIS-1-Spatial-analysis-for-beginners--CLBvWki1x2GfmVKMHQ3beDiXAg-uvjZbFlTN3cRbi4infpQA,#GIS #maps #mapping #QGIS,"Presentation, Workshop, Repo or Tip Sheet",
3/14/2024 22:17,2024,Web Scraping in R with rvest,Hadley Wickham,https://github.com/hadley/web-scraping,#rstats #scraping #webscraping,"Presentation, Workshop, Repo or Tip Sheet",
3/14/2024 22:18,2024,Finding Needles in Haystacks with Fuzzy Matching,Max Harlow,https://docs.google.com/presentation/d/1XvU_ooWQLLWvK88ehVIBcQqiaqpwxDHXNkkqZ9kVS_8/edit#slide=id.g52423af19d_0_53,#commandline #tools #datacleaning #datanalysis,"Presentation, Workshop, Repo or Tip Sheet",
3/14/2024 22:19,2024,First automated chart: Taking Datawrapper to the moon,"Sergio Sanchez Zavala, Ben Welsh",https://palewi.re/docs/first-automated-chart/,#dataviz #datawrapper,"Presentation, Workshop, Repo or Tip Sheet",
3/14/2024 22:20,2024,QGIS 2: Analyzing geographic data,"Wesley Stephenson, Callum Thomson",https://paper.dropbox.com/doc/QGIS-2-Analyzing-geographic-data--CLA9ObUjwYzqJL9OiEtFvF~1Ag-atj9nstA9nQPhSWYqahh6,#gis #qgis #maps #mapping,"Presentation, Workshop, Repo or Tip Sheet",
3/14/2024 22:21,2024,R 1: Intro to R and RStudio,Rob Wells,https://github.com/profrobwells/Guest_Lectures/tree/master/Intro_to_R_2024,#rstats,"Presentation, Workshop, Repo or Tip Sheet",
3/14/2024 22:22,2024,Datasette: An ecosystem of tools for exploring data and collaborating on data projects,Simon Willison,https://github.com/datasette/nicar-2024-datasette,#datasette,"Presentation, Workshop, Repo or Tip Sheet",
3/14/2024 22:23,2024,"Fire, Smoke and Prevention: Using data to investigate the wildfire crisis","Adiel Kaplan, Veronica Penney, Emily Zentner",https://docs.google.com/presentation/d/1qMcwHH2Haf6v83pKicXW2YBkeUoKCRouCYedJ_frNrA/edit#slide=id.p,#data #datasources,"Presentation, Workshop, Repo or Tip Sheet",Tipsheet at https://docs.google.com/document/d/1Qx18FxRmzs_g5Ruvcuj3-y22OLsIRetIbgMz0XbwUM4/edit
3/14/2024 22:24,2024,Mapping Disparities in the News with QGIS,"Rosmer Izaguirre, Sean McMinn",https://github.com/shmcminn/qgis-nicar-24,#gis #maps #mapping #qgis,"Presentation, Workshop, Repo or Tip Sheet",
3/14/2024 22:25,2024,Navigating the World of Nonprofit Data,"David Fahrenthold, Andrea Suozzo, Lauren Weber",https://docs.google.com/presentation/d/1C1q0FAMjSDCRErlJp1zyaaKkjkdpQGbq/edit#slide=id.p1,#data #datasources #nonprofits,"Presentation, Workshop, Repo or Tip Sheet",Tipsheet at https://docs.google.com/document/d/1Tg0WD-6rkG0HZWZD72U-t-eMgx4ubdO26NVA3dPLNUE/edit#heading=h.1pgkcz2aa1i7
3/14/2024 22:27,2024,R 2: Data analysis and plotting,Lucia Walinchus,https://github.com/walinchus/BabyNames,#rstats #dataviz #ggplot,"Presentation, Workshop, Repo or Tip Sheet","In addition to the GitHub repo, slides at https://www.canva.com/design/DAF65yFUgGs/18H-ur18Fj6iV2Ku9Q-tUA/edit"
3/14/2024 22:29,2024,Let's Make Mapping Better,"Allie Kanik, Cam Rodriguez",https://github.com/akanik/nicar24-mapping-session,#qgis #python #maps #mapping,"Presentation, Workshop, Repo or Tip Sheet","In this session, we will show you examples (with QGIS and python) of how you can bring cohesion, collaboration and repetition into your map making efforts. We'll mostly use QGIS to illustrate the power of mapping for newsrooms, so that the greatest number of people can follow along, but each element we show you in QGIS will also have python companion code for those are familar with the language."
3/14/2024 22:29,2024,R3: Gathering and Cleaning Data,Charles Minshew,https://github.com/smussenden/nicar_2024_r3_loading_cleaning_data/,#rstats #datawrangling #datacleaning,"Presentation, Workshop, Repo or Tip Sheet",
3/14/2024 22:30,2024,Regular Expressions: Puzzling out clean data,Christian McDonald,https://github.com/utdata/regex-lesson,#regex #regexp,"Presentation, Workshop, Repo or Tip Sheet",
3/14/2024 22:33,2024,Data Wrangling with Code,"Liz Lucas, Cody Winchester",https://github.com/ireapps/nicar-2024-data-wrangling-with-code,#datacleaning #datawrangling #commandline,"Presentation, Workshop, Repo or Tip Sheet",
3/14/2024 22:34,2024,Introduction to the Command Line (Macs),AJ Vincens,https://github.com/aj-vicens/command-line-for-reporters,#commandline,"Presentation, Workshop, Repo or Tip Sheet",
3/14/2024 22:35,2024,Introduction to Gathering Data with APIs,Huyen Nguyen,https://docs.google.com/presentation/d/18afQVR1ryvFFPqitGbOHKKfhr2wD6NlbLGmdpG1yf6I/edit#slide=id.gcb9a0b074_1_0,#apis,"Presentation, Workshop, Repo or Tip Sheet",
3/14/2024 22:37,2024,First Python Notebook: Data analysis on deadline,"Katlyn Alo, Kae Petrin, Andrea Suozzo, Ben Welsh",https://palewi.re/docs/first-python-notebook/,#python,"Presentation, Workshop, Repo or Tip Sheet",
3/14/2024 22:38,2024,Python: Extracting data from complex PDFs using pdfplumber,Jeremy Singer-Vine,https://github.com/jsvine/nicar-2024-pdfplumber-workshop,#pdfs #pdfplumber,"Presentation, Workshop, Repo or Tip Sheet",
3/14/2024 22:40,2024,Using Shot-Scraper to grab data from difficult sites,Derek Willis,https://github.com/dwillis/shot-scraper-nicar24,#scraping #webscraping,"Presentation, Workshop, Repo or Tip Sheet",
3/14/2024 22:41,2024,Tidycensus Will Convince You to Learn R,Andrew Ba Tran,https://github.com/r-journalism/nicar-2024-tidycensus,#rstats #census #tidycensus,"Presentation, Workshop, Repo or Tip Sheet",
3/14/2024 22:42,2024,Using Python to Build Data Pipelines You can Share with Your Newsroom,"Sean McMinn, Allan James Vestal",https://github.com/shmcminn/python-pipeline-nicar24,#python,"Presentation, Workshop, Repo or Tip Sheet",
3/14/2024 22:43,2024,Reshaping Data Using Google Sheets and Google Colab,Huyen Nguyen,https://docs.google.com/presentation/d/1YKscYIk82I_lyGLBAPVsq8xOgSX02p8cdxHEagre6d0/edit#slide=id.gcb9a0b074_1_0,#datawrangling #googlesheets,"Presentation, Workshop, Repo or Tip Sheet",
3/15/2024 9:22,2024,Spatial analysis in R,"Shreya Vuttaluru, Ryan Little",https://github.com/shreyavut/spatial-analysis-in-r,#gis #sf #r,"Presentation, Workshop, Repo or Tip Sheet",
3/15/2024 9:26,2024,Using CAPTCHA-solving services to automate CAPTCHA solutions in web scraping,Ryan Little,https://drive.google.com/file/d/1U1PbGW2X6PtzOJpQLyXqrfOZGUk9kfy0/view,#webscraping #python #playwright #CAPTCHA,"Presentation, Workshop, Repo or Tip Sheet","The API key included in this notebook no longer works. Users will need to signup for their own to run this code. This code also relies on live websites to work. It may not work forever, but the concepts should last much longer."
3/15/2024 15:28,2024,Large-scale scraping projects: Best practices for doing it legally and ethically,"Leon Yin, Ilica Mahajan, Jeff Kao",https://docs.google.com/presentation/d/1ZhGeTidzVvqrpVFB6LihnBXbWWAhL-cKfE0P6YGUwtk/,"#scraping, #python, #apis, #docker, #aws, #datajournalism","Presentation, Workshop, Repo or Tip Sheet",This presentation was supposed to be recorded but I haven't been able to find the recording.
2/25/2025 20:29,2025,App with searchable Bluesky posts that have NICAR25 hashtags,Sharon Machlis,https://apps.machlis.com/shiny/nicar25/,#BlueSky,"Tool, Software or Resource",May take a few seconds to load. Built with R and Shiny.
3/3/2025 23:48,2025,AI starter pack: Python,Brandon Roberts,https://github.com/brandonrobertz/nicar2025-ai-py-crash-course,#ai #python #introduction #code,"Presentation, Workshop, Repo or Tip Sheet",
3/5/2025 14:58,2025,Education Data Sources,Sharon Lurye,https://bit.ly/ed_data_guide,#eddata #education #k12 #datajournalism,"Presentation, Workshop, Repo or Tip Sheet",
3/6/2025 20:34,2025,Using open-source intelligence (OSINT) in investigations,Tristan Lee and Logan Williams,https://docs.google.com/document/d/e/2PACX-1vRhz2dhnqLXmxNif8HavcBc6X4zFwvXcWa6drGrcK3QJj0mz5LjQewRific-KQKvb06Hu9VAnFUkaur/pub,#OSINT,"Presentation, Workshop, Repo or Tip Sheet",
3/6/2025 20:36,2025,Go Big with GitHub Actions,"Ben Welsh, Iris Lee, Dana Chiueh",https://palewi.re/docs/go-big-with-github-actions/,#GitHub #GitHubActions,"Presentation, Workshop, Repo or Tip Sheet","Work through this tutorial and you will gain hands-on experience creating automated systems that can collect, process and publish gigantic datasets with ease."
3/6/2025 20:39,2025,Python Beginners,Mindy McAdams,https://python-adv-web-apps.readthedocs.io/en/latest/,#Python #WebScraping,"Tool, Software or Resource","Documentation for the Python portion of Advanced Web Apps, a course for communications students at the University of Florida."
3/6/2025 20:41,2025,Using the Command Line,Geoff Hing,https://github.com/ghing/nicar-2025-command-line,#CommandLine,"Presentation, Workshop, Repo or Tip Sheet",Tip sheet and interactive activity for a hands-on session about using the command line on MacOS
3/6/2025 20:43,2025,First SvelteKit Data App,Tyler Machado,https://github.com/tylermachado/nicar25-sveltekit-app,#sveltekit,"Presentation, Workshop, Repo or Tip Sheet",All the code you'll need to get up and running for the NICAR 2025 session on building a SvelteKit data app.
3/7/2025 13:04,2025,Beginner track: How to request data and documents: FOI,"Tisha Thompson, Andrew Pantazi, Kate Martin",https://bit.ly/beginner-foia,#FOIA,"Presentation, Workshop, Repo or Tip Sheet","
Slide presentation includes links to example records request letters, appeal letters and ways to organize your FOIA filings"
3/7/2025 19:48,2025,First Athena Query,Ben Welsh and Katlyn Alo,https://palewi.re/docs/first-athena-query/,#AWS #Athena #Python #SQL,"Presentation, Workshop, Repo or Tip Sheet",Learn how the Amazon Athena cloud service can rip through records with the power of Structured Query Language
3/7/2025 19:52,2025,Finding Needles in Haystacks with Fuzzy Matching,Max Harlow,https://docs.google.com/presentation/d/1hK0wmBRbnpenbVKgd7Fd97dxWi_q3Wkps10ZFT-fC14,#commandline #tools #datacleaning #datanalysis,"Presentation, Workshop, Repo or Tip Sheet","Fuzzy matching is matching up two sets of names that aren’t quite the same, but refer to the same thing. Typically for investigative reporting that’s names of people or names of companies."
3/7/2025 23:32,2025,Who’s Behind This Website?,Priyanjana Bengani and Jon Keegan,https://github.com/jonkeegan/behind-this-website,,"Presentation, Workshop, Repo or Tip Sheet",This checklist is meant to be used as a reporting tool to help journalists and researchers when trying to find out who published a website. This is meant to be used in conjunction with offline reporting techniques.
3/7/2025 23:34,2025,AI Starter Pack in R,Matt Waite,https://mattwaite.github.io/posts/r-llm-starter-pack/,#rstats #GenAI,"Presentation, Workshop, Repo or Tip Sheet",
3/8/2025 10:26,2025,Unlocking Interactive Maps for Newsrooms with Protomaps,Brandon Liu,https://bit.ly/nicar25-protomaps,#GIS #maps #Protomaps,"Presentation, Workshop, Repo or Tip Sheet","Protomaps is a free solution for publishing interactive web
maps under your own control. Slides at https://r2-public.protomaps.com/NICAR25.pdf"
3/8/2025 10:30,2025,AI Tools for Your Newsroom,Mike Reilley,https://buff.ly/LZzLkIO,#GenAI,"Presentation, Workshop, Repo or Tip Sheet","Google Drive folder includes slide deck, exercises and links handout, Data Analyst exercise, and his notes from the conference"
3/8/2025 10:34,2025,Custom Dataviz with JavaScript,"Jovi Dai, Yoli Martinez, Matt Kiefer",https://bit.ly/nicar-25-viz,#dataviz #javascript,"Presentation, Workshop, Repo or Tip Sheet",
3/8/2025 10:36,2025,How to Use Censusdis,Scott Pham,https://github.com/scottpham/NICAR25-CensusDIS-how-to,#census #python,"Presentation, Workshop, Repo or Tip Sheet",The friendliest Python API for U.S. Census Data'
3/8/2025 10:38,2025,Gun Violence Data Hub,The Trace,https://datahub.thetrace.org/data-library/,#gunviolence,"Tool, Software or Resource",The Gun Violence Data Hub is working to become the most comprehensive gun violence data resource in the U.S. '
3/8/2025 10:50,2025,Tips for Finding Spending by Dark Money Groups — as well as Information About the People Behind Them,"Michael Beckel, Robert Maguire, Shanna Ports, Albert Serna,",http://bit.ly/NICAR25-DarkMoneyTips,#trackdarkmoney #campaignfinance,"Presentation, Workshop, Repo or Tip Sheet",The following resources are among the best places to look for information about who is behind a dark money group and how much money the group is spending.'
3/8/2025 10:54,2025,Extracting Data from Documents with AI,"Rosmery Izaguirre, Sean McMinn, Jonathan Soma",https://tinyurl.com/mr2petff,#GenAI,"Presentation, Workshop, Repo or Tip Sheet","Slide presentation, includes info on Google Pinpoint tool for journalists"
3/8/2025 10:56,2025,Passive Scraping for Social Media (and everything else),Jonathan Soma,https://github.com/jsoma/nicar25-passive-scraping?tab=readme-ov-file#passive-scraping-for-social-media,#GenAI #WebScraping,"Presentation, Workshop, Repo or Tip Sheet","We talked about using HAR files and WACZ files to auto-record web traffic on sites like Twitter and TikTok. I also built a couple tiny tools to help turn the data into simple CSVs!
https://github.com/jsoma/nicar25-passive-scraping?tab=readme-ov-file#passive-scraping-for-social-media"
3/8/2025 11:01,2025,AI in the Newsroom,Jonathan Soma,https://github.com/jsoma/nicar25-ai-newsroom,#GenAI,"Presentation, Workshop, Repo or Tip Sheet","3-hour deep dive into everything from structured outputs in Sheets, various flavors of whisper, local LLMs with Msty and a Cursor demo. Repo includes Jupyter notebooks you can run on Colab."
3/8/2025 11:04,2025,Analyzing images and videos with AI,Jonathan Soma,https://github.com/jsoma/nicar25-ai-images-video,#GenAI,"Presentation, Workshop, Repo or Tip Sheet","Covering Gemini's video capabilities, automatic scene splitting, zero-shot image classification with Hugging Face, and car-counting with supervision from Roboflow"
3/8/2025 11:49,2025,De-mystifying cryptocurrency data,"Caitlin Ostroff, Jeremy Merrill",https://bit.ly/nicar25-cryptocurrency,#crypto #scams,"Presentation, Workshop, Repo or Tip Sheet","How to find stories on ransoms, scams and betting markets"
3/8/2025 14:29,2025,"Climate change has changed natural disasters; Naturally, we must change how we prepare and inform",Adiel Kaplan; Teghan Simonton; M.K. Wildeman; Christopher Keller,https://docs.google.com/document/d/1wSrW4cOaiOXEZdShmvI2c2fP0CIDIuOak4-Hmr495e0/edit?tab=t.0,#climatechange,"Presentation, Workshop, Repo or Tip Sheet",
3/8/2025 15:20,2025,Cutting-Edge Web Scraping Techniques,Simon Willison,https://github.com/simonw/nicar-2025-scraping,#WebScraping #GitHub #JavaScript #llm #shotscraper,"Presentation, Workshop, Repo or Tip Sheet","data from images, browser automation, and more."
3/9/2025 10:34,2025,Customizing ggplot for yourself or your organization,"Athena Chapekis and Kaitlyn Radde, Pew Research Center",https://github.com/pewresearch/pewplots-nicar-2025,#RStats #ggplot #ggplot2,"Presentation, Workshop, Repo or Tip Sheet",Slides and R code
3/9/2025 11:00,2025,What's New in the World of LLMs,Simon Willison,https://simonwillison.net/2025/Mar/8/nicar-llms/,#GenAI #LLMs,"Presentation, Workshop, Repo or Tip Sheet",
3/9/2025 11:03,2025,Watching the Weather With Github Actions,John Keefe,https://github.com/jkeefe/weather-newsrooms-nicar25,#GitHub,"Presentation, Workshop, Repo or Tip Sheet","Slides, code, and how-to instructions"
3/9/2025 11:08,2025,Using open-source tools to investigate public transit,Greg Morton,https://github.com/invisibae/nicar_2025_transit,#RStats #r5r #PublicTransit,"Presentation, Workshop, Repo or Tip Sheet","Data and code using the r5r R package to model transit routes and accessibility in Baltimore, Maryland, as was done in the Baltimore Banner investigation 'Transit Nightmare: Thousands of Baltimore kids can’t get to school on time'"
3/9/2025 12:17,2025,Don't Repeat Yourself in R,Ella Barnes and Karina Kumar,https://utdata.github.io/dRy/,#RStats,"Presentation, Workshop, Repo or Tip Sheet",Tools to help you maximize efficiency and stop repeating the same code over and over again.
3/9/2025 12:18,2025,Scripted mapping in R or Python,Alexandra Kanik,https://github.com/akanik/nicar25-scripted-mapping/blob/main/scripted-mapping.md,#RStats #Python #GIS #RSpatial #Maps,"Presentation, Workshop, Repo or Tip Sheet","""Let's face it, QGIS is the Excel of geospatial analysis. Sure, doing simple mapping in it and ArcGis is a blast, but executing complex, reproducible joins and measurements can be a real drag. Whether you choose R or Python, follow along from mapping basics to more complex techniques that will make your next geospatial analysis a walk in the park."""
3/9/2025 15:01,2025,Breaking up with Lexis Nexis,"Diara J. Townes, Brandon Meyer, Dillon Bergin",https://bit.ly/nicar25-breaking-up-with-lexisnexis,#DataBrokers #LexisNexis,"Presentation, Workshop, Repo or Tip Sheet",
3/9/2025 15:31,2025,First LLM Classifier,Ben Welsh,https://palewi.re/docs/first-llm-classifier/,#LLMs #GenAI,"Presentation, Workshop, Repo or Tip Sheet",The hands-on class shows you how to create an AI model that can read and categorize text.
3/9/2025 22:13,2025,The Worst PDFs on the Planet,Derek Willis,https://github.com/dwillis/nicar25-pdfs,#GenAI #PDFs #LLMs,,"(Or, How I Gave Up on OCR Software and Embraced LLMs)"
3/9/2025 22:14,2025,Election Data to Use After the Election,Derek Willis,https://github.com/dwillis/nicar25-election-data,#Elections #Politics,"Presentation, Workshop, Repo or Tip Sheet",
3/9/2025 22:16,2025,Bringing Data Journalism to the Sports Section (with R),"Matt Waite, MaryJo Webster, Derek Willis",https://github.com/dwillis/nicar25-sports,#RStats #Sports,"Presentation, Workshop, Repo or Tip Sheet",
3/9/2025 22:20,2025,Quantifying History,"Michael Corey, Andrew Ba Tran, Joyce Lee, Alexia Fernández Campbell, Pratheek Rebala, Jennifer LaFleur",https://bit.ly/NICARHIST25,,"Presentation, Workshop, Repo or Tip Sheet",
3/9/2025 22:48,2025,Tidycensus will convince you to learn R,Andrew Ba Tran,https://nicar.r-journalism.com/2025/,#RStats #Census #TidyCensus,"Presentation, Workshop, Repo or Tip Sheet",GitHub repo at https://github.com/r-journalism/nicar-2025-tidycensus
3/9/2025 22:52,2025,Spatial analysis using geographical Census data and Python,"Michael Corey, Sandhya Kambhampati",https://github.com/sandhya-k/NICAR-spatial-analysis,#GIS #Python #Census,"Presentation, Workshop, Repo or Tip Sheet",
3/9/2025 22:57,2025,Spatial Analysis in R,"Shreya Vuttaluru, Ryan Little",https://github.com/shreyavut/spatial-analysis-in-r,#RStats #GIS,"Presentation, Workshop, Repo or Tip Sheet","Packages sf, raster, mapview, tidycensus, tigris"
3/10/2025 18:01,2025,Customizing ggplot for yourself or your organization,Kaitlyn Radde and Athena Chapekis,https://github.com/pewresearch/pewplots-nicar-2025,"#dataviz, #r, #ggplot, #rstats","Presentation, Workshop, Repo or Tip Sheet",
3/11/2025 10:28,2025,Best practices for quantitative assessments of AI success,"Jeremy Merrill, Ence Morse, Caitlin Gilbert",https://docs.google.com/document/d/16d1RajwUMJkHptsxce1JyOo7hgDi9ntwnLUYn2lzofY/edit?tab=t.0,#ai #classification #llms,"Presentation, Workshop, Repo or Tip Sheet",
3/11/2025 11:01,2025,Data reporting for smaller teams,"Kate Martin, Cody Lilich, Junyao Yang, Justin Myers",bit.ly/small-data-j,,"Presentation, Workshop, Repo or Tip Sheet",
3/11/2025 22:54,2025,Using states' all-crash databases,Paul Overberg,bit.ly/NICAR_2025_crash_data,#highway #vehicle #crash,"Presentation, Workshop, Repo or Tip Sheet",
3/11/2025 22:55,2025,Using CDC WONDER to analyze death data,Paul Overberg,bit.ly/NICAR_2025_CDC_WONDER,#CDC #death #mortality,"Presentation, Workshop, Repo or Tip Sheet",
3/11/2025 22:57,2025,How to adjust for inflation,Paul Overberg,bit.ly/NICAR_2025_inflation_handout,#BLS #CPI #inflation #index,"Presentation, Workshop, Repo or Tip Sheet",
3/13/2025 11:30,2025,Going deeper with Census microdata: iPUMS is your friend,"David Van Riper, Paul Overberg, Sandhya Kambhampati, MaryJo Webster",https://docs.google.com/presentation/d/1snA0oHf_9ZJZQfp3bn6CDT16mjr9MdeNYRwYnRc0VCc/edit?usp=sharing,#census,"Presentation, Workshop, Repo or Tip Sheet",
3/13/2025 11:32,2025,Using IF and VLOOKUP functions in Google Sheets,MaryJo Webster,https://docs.google.com/document/d/12Yb5-yeB-xM_A-Ctgdqjo6t4gkSUHIIpu7GwRMd1g0I/edit?usp=sharing,#spreadsheets #sheets,"Tool, Software or Resource",
3/13/2025 11:33,2025,News to data journalism? Start here,"MaryJo Webster, Janelle O'Dea, Anu Narayanswamy, Joel Jacobs",https://docs.google.com/presentation/d/1AWfDFlflu7kbUNmR_WvS7t9X0fWP024zrnbzK5bY22k/edit?usp=sharing,#beginner,"Presentation, Workshop, Repo or Tip Sheet",
3/13/2025 11:37,2025,Upping your Excel Game,MaryJo Webster,https://sites.google.com/view/mj-basic-data-academy/excel-magic?authuser=0,#spreadsheets #excel,"Tool, Software or Resource",
3/18/2025 11:13,2025,Presentation,"Laura Kurzberg, Carl Churchill, and Daniel Wolfee",https://bit.ly/satellite-panel,#dataviz #satellites,"Presentation, Workshop, Repo or Tip Sheet",
3/19/2025 19:10,2025,Presentation,"Laura Kurtzberg, Deborah Nelson, Carl Churchill",https://bit.ly/nicar2024-satellites,#satellites,"Presentation, Workshop, Repo or Tip Sheet",
3/1/2026 13:24,2026,Search and Filter Conference Posts on Bluesky,Sharon Machlis,https://apps.machlis.com/shiny/nicar2026,#Bluesky #RStats #RShiny,"Tool, Software or Resource","You don't need to be on Bluesky to view! Searches for #NICAR26, #NICAR2026, and #NICAR"
3/1/2026 13:26,2026,NICAR Schedule Chatbot,Sharon Machlis,https://smach-nicar2026-chatbot.share.connect.posit.cloud/,#GenAI #RStats #RAG,"Tool, Software or Resource","See NICAR sessions in a searchable, filter-able table PLUS ask natural-language questions about the schedule"
3/4/2026 18:38,2026,Scraping Sports Data With R,Matt Waite,https://mattwaite.github.io/nicar/2026-indianapolis-scraping-sports-with-r/,#rstats #sportsdata,"Presentation, Workshop, Repo or Tip Sheet","Three R notebooks with step by step instructions on how to scrape data when it's easy, when it's a little harder, and when it's the NCAA and is awful. GitHub repo: https://github.com/mattwaite/nicar-2026-scraping-sports-data-with-R/blob/main/Easy.Rmd"
3/4/2026 18:43,2026,Using Claude/Codex Skills for Journalism,Aaron Kessler,https://github.com/amkessler/nicar2026_skills_in_codex_claude,#genai,"Presentation, Workshop, Repo or Tip Sheet","This repo includes six skills: fecfile for analyzing FEC campaign finance filings, weather-forecast for fetching 7-day forecasts, image-rotator for rotating images, skill-creator for building new skills, state-county-rankings for ranked county demographics from local CSVs, and majority-minority-change for threshold-crossing analysis between Census snapshots. Together they demonstrate the range of what skills can do, from domain-specific data analysis to simple utilities to meta-tooling for the skill system itself."
3/4/2026 18:51,2026,First LLM Classifier,"Ben Welsh, Derek Willis, Andrew Briz, Florent Daudens.",https://github.com/palewire/first-llm-classifier,#genai #python,"Presentation, Workshop, Repo or Tip Sheet",Learn how journalists use large-language models to organize and analyze massive datasets
3/5/2026 21:03,2026,No-Code Agentic AI Pipelines with n8n,Jonathan Soma,https://github.com/jsoma/workshop-n8n,#genai,"Presentation, Workshop, Repo or Tip Sheet",
3/5/2026 21:07,2026,From Chaos to Narrative: Using R For Story Discovery in Document Collections,Rob Wells and Tiasia Saunders,https://github.com/profrobwells/nicar2026/tree/main/NICAR_Text_Analysis_2026,#textanalysis #rstats,"Presentation, Workshop, Repo or Tip Sheet",
3/5/2026 21:09,2026,"Explore Financial Disclosures From President Trump and 1,500 of His Appointees",ProPublica,https://projects.propublica.org/trump-team-financial-disclosures/,#databases #politics,Work Samples,
3/5/2026 21:15,2026,Decoding Deportation Data,Jeff Hargarten,https://github.com/jeffhargarten/nicar26_ice,#immigration #ice #data,"Presentation, Workshop, Repo or Tip Sheet",
3/5/2026 21:18,2026,Finding the Story: Transportation Data,Cat Murphy,https://github.com/catelizabethmurphy/nicar26/tree/main,#data #transportation #government #rstats,"Presentation, Workshop, Repo or Tip Sheet",
3/5/2026 21:22,2026,Analyzing election data with Polars and Python,Eade Hemingway and Oliver Hawkins,https://github.com/olihawkins/nicar-2026-polars,#elections #python,"Presentation, Workshop, Repo or Tip Sheet",
3/5/2026 21:24,2026,Using immigration data to tell stories in your community,Julia Ingram and Joe Yerardi,https://github.com/juliaingram/asylum-denial-rates-nicar26,#immigration #data #rstats #python,"Presentation, Workshop, Repo or Tip Sheet",
3/5/2026 21:27,2026,Detangling federal lobbying disclosures with LobbyR,Chris Cioffi,https://github.com/Lobbying-DisclosuRe/lobbyR_NICAR,#politics #rstats,"Presentation, Workshop, Repo or Tip Sheet",
3/5/2026 21:30,2026,"Running large language models locally, on your computer!",Aarushi Sahejpal and Dhrumil Mehta,https://github.com/aarushisahejpal/localmodels-nicar26,#genai #llms #python,"Presentation, Workshop, Repo or Tip Sheet",
3/5/2026 21:34,2026,Enhancing public records work with LLMs,Sanjin Ibrahimovic and Allan Lasser,https://github.com/MuckRock/NICAR/blob/main/2026-public-records-llm/README.md,#genai #llms #python,"Presentation, Workshop, Repo or Tip Sheet",Explore the Python libraries for the MuckRock Requests and DocumentCloud APIs
3/5/2026 21:36,2026,Introduction to R,Liz Lucas,https://github.com/ireapps/NICAR26-Intro-to-R,#rstats,"Presentation, Workshop, Repo or Tip Sheet",
3/5/2026 21:38,2026,How to HMDA,Sahana Jayaraman,https://github.com/sahanasjay/NICAR_how_to_hmda,#rstats #housing #mortgagedata,"Presentation, Workshop, Repo or Tip Sheet","A hands-on workshop notebook for finding DSCR (Debt Service Coverage Ratio) investor loans in public HMDA mortgage data,"
3/5/2026 21:40,2026,Intro to OpenRefine,Christian McDonald,https://utdata.github.io/openrefine/,#OpenRefine #Datacleaning,"Presentation, Workshop, Repo or Tip Sheet",
3/5/2026 21:42,2026,Analysis and Plotting in R,"Karina Kumar, Adriana Rezal and Katherine Oung",https://github.com/karina-kumar/NICAR26-R-Sessions,#rstats #dataviz,"Presentation, Workshop, Repo or Tip Sheet",
3/5/2026 21:45,2026,"Introducing libfec, a faster FEC filing parser",Alex Garcia,https://github.com/asg017/nicar26-libfec,#campaignfinance #politics #commandline,"Presentation, Workshop, Repo or Tip Sheet",Alex did a video of his presentation info at https://www.youtube.com/watch?v=UdkQ5HEiF20
3/5/2026 21:47,2026,10 things you didn’t know you could do in R,Amy DiPierro,https://github.com/DiPierro/nicar26-10-things-R,#rstats,"Presentation, Workshop, Repo or Tip Sheet",
3/5/2026 21:49,2026,"Extracting data from PDFs using command-line and other advanced tools""",Alex Garcia,https://github.com/asg017/nicar26-pdf,#rstats #pdfs,"Presentation, Workshop, Repo or Tip Sheet",
3/5/2026 21:51,2026,Coaching AI Tools for Coding and Data Tasks,Charles Minshew,https://github.com/charlesminshew/nicar26/tree/main/coaching-ai-tools,#GenAI,"Presentation, Workshop, Repo or Tip Sheet",
3/6/2026 7:59,2026,AI Glossary for Journalists,"Ryan Serpico, Jon Keegan and Libby Seline",https://aiglossary.news,#GenAI,"Tool, Software or Resource","Free, open-source glossary of 51 AI terms and concepts for journalists. Authors will be adding to it"
3/6/2026 8:00,2026,AI Concepts You Should Know,"Ryan Serpico, Jon Keegan and Libby Seline",https://docs.google.com/presentation/d/1Qw--VgCdl-eJ4vdHXdKI2TH4YqG0VGK6L8COQ0xxpQU/edit?slide=id.p#slide=id.p,#GenAI,"Presentation, Workshop, Repo or Tip Sheet",Slides from their NICAR presentation. There's also a separate AI glossary.
3/6/2026 10:23,2026,Analyzing Images & Video with AI,Jonathan Soma,https://jsoma.github.io/workshop-ai-images-video/nicar-2026/,#GenAI #Videos #Python,"Presentation, Workshop, Repo or Tip Sheet",
3/6/2026 17:07,2026,Natural PDF workshop,Jonathan Soma,https://jsoma.github.io/natural-pdf-workshop/,#pdfs #coding #extraction,"Presentation, Workshop, Repo or Tip Sheet",
3/6/2026 20:34,2026,Intro to Data Viz 102 - D3.js,Andrew O'Day Williams,https://github.com/aow207/nicar-26-data-viz-102,#dataviz #d3js #javascript,"Presentation, Workshop, Repo or Tip Sheet",A beginner-friendly D3 workshop repo
3/6/2026 20:37,2026,GitHub Actions for Data Automation,Sean McMinn,https://github.com/shmcminn/nicar26-github-actions,#GitHub #GitHubActions #automation,"Presentation, Workshop, Repo or Tip Sheet",
3/6/2026 20:42,2026,Building Newsroom Products with LLMs,"Clayton Ludwig, Cat Murphy, Derek Willis",https://github.com/NewsAppsUMD/nicar2026,#GenAI #Python,"Presentation, Workshop, Repo or Tip Sheet",
3/6/2026 20:45,2026,Meaningfully semantic search tool for text data in spreadsheets.,Jeremy B. Merrill,https://github.com/jeremybmerrill/meaningfully,#Search #Spreadsheets,"Tool, Software or Resource",The tool was demo'd but in alpha status as of NICAR 2026
3/6/2026 20:48,2026,Legitalk Smart Transcripts from Government Meetings,Angela Eichhorst,https://github.com/ang-eichhorst/legitalk,#government #videos #transcripts #search #python,"Tool, Software or Resource","The goal of this project is to provide a flexible framework for converting video of meetings into interactive, searchable, and shareable web pages. This can be done for a single meeting or as a fully automated ""factory"" that continuously processes new meetings as they are posted."
3/6/2026 20:53,2026,"Semantra, a multipurpose tool for semantically searching documents",Dylan Freedman,https://github.com/freedmand/semantra,#SemanticSearch #Search #Python,"Tool, Software or Resource","The tool, made to run on the command line, analyzes specified text and PDF files on your computer and launches a local web search application for interactively querying them. The purpose of Semantra is to make running a specialized semantic search engine easy, friendly, configurable, and private/secure.
Semantra is built for individuals seeking needles in haystacks — journalists sifting through leaked documents on deadline, researchers seeking insights within papers, students engaging with literature by querying themes, historians connecting events across books, and so forth."
3/6/2026 21:03,2026,AI Tools that Won't Get You Fired,Mike Reilley,https://drive.google.com/drive/folders/1qLLtShke2lWtqP6DSvmpDWdypab2z760,#GenAI,"Presentation, Workshop, Repo or Tip Sheet",Resource collection from his NICAR presentation
3/7/2026 8:12,2026,"CAROL Cleaner, which cleans up NTSB safety recommendation data",Cat Murphy,https://catelizabethmurphy.github.io/carol_cleaner/index.html,#transportation,"Tool, Software or Resource","Drop in raw CAROL export → clean, analysis-ready data · optionally enrich with JSON"
3/7/2026 12:42,2026,First PMTiles Map,Ben Welsh,https://palewi.re/docs/first-pmtiles-map/,#GIS #PMTiles #maps #mapping #MapLibre,"Presentation, Workshop, Repo or Tip Sheet",Learn how to display a massive dataset on an interactive map using PMTiles and MapLibre
3/7/2026 13:15,2026,Browser automation with Playwright,Jonathan Soma,https://jsoma.github.io/workshop-browser-automation/,#webscraping #python #scraping,"Presentation, Workshop, Repo or Tip Sheet","Learn to scrape JavaScript-rendered websites using Playwright. We'll click buttons, fill out forms, loop through dropdowns and paginated results, and download files — all from the comfort of a Jupyter notebook."
3/7/2026 18:11,2026,From satellites to stories: Leveraging Google Earth Engine to analyze global environmental datasets for local reporting,Carl Churchill,https://docs.google.com/document/d/1txnZPaPkdOgM2lAoLCzRBYG7zd47cyfofEWJXcpAv4I/edit?tab=t.0,#GoogleEarth,"Presentation, Workshop, Repo or Tip Sheet",
3/7/2026 18:15,2026,CDC Wonder Tip Sheet,Destiny Herbers,https://docs.google.com/document/d/1zoZAODDLmF2I-948a_Rus6glUXCaoFVp539PlJO2DQM/edit?tab=t.0,#CDC #PublicHealth #HealthData,"Presentation, Workshop, Repo or Tip Sheet",CDC Wonder (Wide-ranging ONline Data for Epidemiologic Research) is an incredibly powerful tool for analyzing public health data. Session: Digging into Death with CDC Wonder
3/7/2026 18:18,2026,Finding Undocumented APIs,Leon Yin,https://inspectelement.org/apis.html,#APIs,"Presentation, Workshop, Repo or Tip Sheet",
3/7/2026 20:30,2026,Finding the Story: Deaths in Custody,Ethan Corey,https://docs.google.com/presentation/d/1GCvVxQYICbTGAWuZxGTWa-PxEwM85xqHCNbcKAz5nEg/edit?slide=id.p#slide=id.p,#criminaljustice,"Presentation, Workshop, Repo or Tip Sheet",
3/7/2026 20:33,2026,Beyond Ironclad: Fact-Checking the Data Story,Ethan Corey,https://colab.research.google.com/drive/1NrbfS4ik_przKU74RyuWhBvcFFTQVQmN,#factchecking,"Presentation, Workshop, Repo or Tip Sheet","This Colab notebook offers a short guide and tutorial on how to identify and fix common errors in data projects. While the notebook is written in Python, the lessons apply across the board."
3/7/2026 20:39,2026,Making public data actually public,"Kevin Uhrmacher, Jennifer LaFleur, Cam Rodriguez, Rahul Deshpande",https://docs.google.com/presentation/d/1tkfPITbBHQS3brKJhEN35CQ9Kdi6FNfWLIxj2otKMKg/edit?slide=id.g3c53b737c1c_0_1#slide=id.g3c53b737c1c_0_1,#data,"Presentation, Workshop, Repo or Tip Sheet",Building tools to serve communities
3/8/2026 9:16,2026,Coding agents for data analysis - materials from Simon Willison's 3-hour workshop,Simon Willison,https://simonw.github.io/nicar-2026-coding-agents/,#genai #agents,"Presentation, Workshop, Repo or Tip Sheet","From 3-hour workshop. Coding agents such as Claude Code and OpenAI Codex are mainly marketed at developers, but they’re actually applicable to a much wider array of problems, including data analysis, data cleaning, web scraping and other tasks commonly faced by data journalists.
In this session, you’ll learn how to apply these tools to both simple and ambitious data reporting projects. You’ll go away with a very powerful new tool for collecting, exploring, analyzing and presenting data."
3/8/2026 11:01,2026,Quiz The Vote: How to prepare for election coverage and a voter quiz,"Evan Wyloge, Sandra Fish",https://docs.google.com/presentation/d/1wDK-GO6-E2DtfI4kYPCMcxi-7TT6vNtcXRvpAGZYyqU/edit?slide=id.p#slide=id.p,#elections #politics,"Presentation, Workshop, Repo or Tip Sheet","Use our quiz to focus on policy, not politics, in 2026"
3/8/2026 12:35,2026,Cracking the Code: How to read local government budgets,AmyJo Brown,https://docs.google.com/presentation/d/1hsUra03oBO5A_hkxxEk5IhCG1SRUEPpsMqe1dQ3cBvQ/edit?slide=id.g3cdd1b1cb90_0_591#slide=id.g3cdd1b1cb90_0_591,#budgets,"Presentation, Workshop, Repo or Tip Sheet",
3/8/2026 14:58,2026,Everything you never wanted to know about crypto: A primer for data investigations,"Caitlin Ostroff, Jeremy Merrill, Sam Kessler",https://docs.google.com/presentation/d/1UgFwBHdsQjo96z6FJQuX-ayvaDrpBQxUJEOq8u9ehYQ/edit?slide=id.g3c6bf761801_0_961#slide=id.g3c6bf761801_0_961,#crypto,"Presentation, Workshop, Repo or Tip Sheet",
3/8/2026 15:02,2026,Today's News for Tomorrow,Laura Moscoso,https://docs.google.com/presentation/d/1sJesqpagUodBRXfkyNDEZa0x-udeiV8PdtDWdU4D-K0/edit?slide=id.g2b737ef2c51_0_0#slide=id.g2b737ef2c51_0_0,#grants #Internet,"Presentation, Workshop, Repo or Tip Sheet",
3/8/2026 15:12,2026,Analyze geospatial data in Python with geopandas,Janie Haseman,https://github.com/jhase9/nicar-geopandas-demo,#GIS #python #geopandas,"Presentation, Workshop, Repo or Tip Sheet",
3/11/2026 19:31,2026,agent-fecfile: A Claude Code plugin for analyzing Federal Election Commission (FEC) campaign finance filings. Includes an Agent Skill and an MCP server for API access.,Matt Hodges,https://github.com/hodgesmr/agent-fecfile,#campaignfinance #politics #commandline #GenAI,"Tool, Software or Resource",Featured in Aaron Kessler's presentation on Claude Skills
3/11/2026 19:38,2026,pycar: NICAR Python mini boot camp,IRE,https://github.com/ireapps/pycar,#python #bootcamp,"Presentation, Workshop, Repo or Tip Sheet","Much of this repo was used in prior years, but it was updated for 2026"
3/11/2026 19:40,2026,Open-source SvelteKit frontend for the IRE archive semantic search,Ben Welsh for IRE,https://github.com/ireapps/ire-archive-frontend,#Svelte #Sveltekit,"Tool, Software or Resource","The searchable archive requires IRE membership, but this front-end code has been open sourced."
